<dataPoints><!--DataPoints with multiple datapoint-->

	<!--Query 1-->	<!-- Tested -->
	<dataPoint>
			<labelName>Lives (Active Termed )</labelName>
			<sql>SELECT APP_ID, APP_NAME, ACTIVE_LIVES, TERMED_LIVES FROM CENTRALLOG.VW_LIVES_DETAILS</sql>
	</dataPoint>
	
	<!--Query 2-->	<!-- Tested -->
	<dataPoint>
		<labelName>Total Lives / No. of Med Claims /No. of Rx Claims</labelName>
		<sql>SELECT APP_ID, APP_NAME, P_MONTH, 
CLMCOUNT_MED, CLMCOUNT_RX, TOTAL_LIVES FROM CENTRALLOG.VW_CLIENT_METRIC</sql>
	</dataPoint>
	
	<!--Query 3-->	
	<dataPoint>
		<labelName>Applications processed per month</labelName>
		<sql>SELECT p_month, count_numbers FROM vw_app_process_monthly</sql>
	</dataPoint>
	
	<!--Query 4-->	<!-- Tested-->
	<dataPoint>
		<labelName>No. of active distinct Clients</labelName>
		<sql>SELECT app_id,app_name,active_clients FROM VW_CLIENTS_APP</sql>
	</dataPoint>
	
	<!--Query 5-->	<!-- Tested, Date selector to implement-->
	<dataPoint>
		<labelName>Reprocessing count with respect to lives and claims</labelName>
		<sql>SELECT appid,appname,p_month,reprocessing_count,total_lives FROM VW_REPROCESSING_DETAILS</sql>
	</dataPoint>
	
	<!--Query 6-->	<!-- Discrepancy in static field, Date field to Implement-->	
	<dataPoint>
		<labelName>Delivery related metrics (Clients Target met/not met on monthly basis)</labelName>
		<sql>SELECT CLIENTID, CLIENTNAME, APPLICATIONID, APPLICATIONNAME, ISTARGETDATEMET, POSTEDON, PROJECTEDDATE FROM CENTRALLOG.CLIENT_DELEVERY_ONTIME ORDER BY POSTEDON DESC</sql>
	</dataPoint>
	
	<!--Query 9--> <!-- Tested-->
	<dataPoint>
		<labelName>No. of Payors/ No. of Feed</labelName>
		<sql>SELECT  clientid,clientname,payordes,tablename  from vw_pyr_feed</sql>
	</dataPoint>
	
	<!--Query 10-->	<!-- Tested, Date selector to implement-->
	<dataPoint>
		<labelName>No. of files by client /Source data received in TB</labelName>
		<sql>SELECT sourceid,clientname,p_month,filecount,sum_size_mb from files_by_clientsource</sql>
	</dataPoint>
	
	<!--Query 13-->	<!-- Tested, Discrepancy in static field, Date selector to implement-->
	<dataPoint>
		<labelName>RM Report (Defect / Change Request/Implementations/Issues)</labelName>
		<sql>SELECT dataproviderid,clientname,p_month,requesttypedesc,stage,totalefforthours FROM vw_defect_cr_imp</sql>
	</dataPoint>
	
	<!--Query 15-->	<!-- Tested, Discrepancy in static field, Date selector to implement-->
	<dataPoint>
		<labelName>Machine Hr. (Processing / Scrubbing)</labelName>
		<sql>SELECT app_id,appname,p_month,total_hrs FROM VW_PROCESSING_HOURS</sql>
	</dataPoint>		
</dataPoints>