<?xml version="1.0" encoding="UTF-8"?>
<beans xmlns="http://www.springframework.org/schema/beans"
	xmlns:xsi="http://www.w3.org/2001/XMLSchema-instance" xmlns:aop="http://www.springframework.org/schema/aop"
	xmlns:tx="http://www.springframework.org/schema/tx"
	xsi:schemaLocation="
      http://www.springframework.org/schema/beans
      http://www.springframework.org/schema/beans/spring-beans-3.0.xsd
      http://www.springframework.org/schema/tx
      http://www.springframework.org/schema/tx/spring-tx-3.0.xsd">
	<tx:annotation-driven transaction-manager="transactionManager" />

	<!--Transaction Handling for datasource -->
	<bean id="transactionManager"
		class="org.springframework.jdbc.datasource.DataSourceTransactionManager">
		<property name="dataSource" ref="dataSource" />
	</bean>

	<!--Bean for logService -->
	<bean id="logService" class="com.vit.service.LogServiceImpl">
		<property name="logDao" ref="logDAO" />
	</bean>

	<!--Bean for LogDAO -->
	<bean id="logDAO" class="com.vit.dao.LogDAOImpl">
		<property name="dataSource" ref="dataSource" />
	</bean>

	<bean id="dataSource"
		class="org.springframework.jdbc.datasource.DriverManagerDataSource">
		<property name="driverClassName" value="oracle.jdbc.driver.OracleDriver" />
		<property name="url" value="jdbc:oracle:thin:@//10.48.29.133:1521/d2he" />
		<property name="username" value="centrallog" />
		<property name="password" value="oracle" />
	</bean>


</beans>