<?xml version="1.0" standalone="yes"?>
<poolResources>
	<MonitorInterval>60</MonitorInterval>

	<Alias name="MDHawkeye->HawkeyeOAMProd" driver="oracle.jdbc.driver.OracleDriver"
		url="jdbc:oracle:thin:@//192.168.72.128:1521/d2he"
		username="hawkeyeoam" password="oracle" maxConn="60" idleTimeout="0"
		checkoutTimeout="0" maxCheckout="0" />

	<Alias name="MDHawkeye->HawkeyeLog" driver="oracle.jdbc.driver.OracleDriver"
		url="jdbc:oracle:thin:@//192.168.72.128:1521/d2he"
		username="helog" password="oracle" maxConn="20" idleTimeout="60"
		checkoutTimeout="60" maxCheckout="60" />

	<!-- <Alias name="MDHawkeye->HawkeyeMaster1" driver="oracle.jdbc.driver.OracleDriver"
		url="jdbc:oracle:thin:@//10.48.16.18:1521/d2he" username="HAWKEYEOAM"
		password="oracle" maxConn="20" idleTimeout="60" checkoutTimeout="60"
		maxCheckout="60" /> -->

	<Alias name="MDHawkeye->LogDB" driver="com.microsoft.jdbc.sqlserver.SQLServerDriver"
		url="jdbc:microsoft:sqlserver://Washington:1433;DatabaseName=HawkeyeRules"
		username="d2oam" password="accessOAM" maxConn="25" idleTimeout="60"
		checkoutTimeout="60" maxCheckout="10" />

	<Alias name="MDHawkeye->HawkeyeUser" driver="oracle.jdbc.driver.OracleDriver"
		url="jdbc:oracle:thin:@//192.168.72.128:1521/d2he"
		username="HAWKEYEDTS" password="oracle" maxConn="20" idleTimeout="60"
		checkoutTimeout="60" maxCheckout="60" />

	<Alias name="MDHawkeye->HawkeyeMaster" driver="oracle.jdbc.driver.OracleDriver"
		url="jdbc:oracle:thin:@//192.168.72.128:1521/d2he"
		username="HAWKEYEMASTER5" password="oracle" maxConn="20" idleTimeout="60"
		checkoutTimeout="60" maxCheckout="60" />

	<Alias name="MDHawkeye->SecurityDB" driver="oracle.jdbc.driver.OracleDriver"
		url="jdbc:oracle:thin:@//MIBES-ORCL-DME-DEV-88303989.us-east-1.elb.amazonaws.com:1521/d2he"
		username="HAWKEYEDTS" password="oracle" maxConn="20" idleTimeout="60"
		checkoutTimeout="60" maxCheckout="60" />

	<Alias name="MDHawkeye->HawkeyeRule" driver="oracle.jdbc.driver.OracleDriver"
		url="jdbc:oracle:thin:@192.168.72.130:1521:fedora" username="HAWKEYERULEs"
		password="oracle" maxConn="20" idleTimeout="60" checkoutTimeout="60"
		maxCheckout="60" />

	<Alias name="MDHawkeye->LocalHEUser" driver="oracle.jdbc.driver.OracleDriver"
		url="jdbc:oracle:thin:@//192.168.72.128:1521/d2he"
		username="heuser" password="oracle" maxConn="20" idleTimeout="60"
		checkoutTimeout="60" maxCheckout="60" />

</poolResources>
