<?xml version="1.0" encoding="UTF-8"?>
<faces-config xmlns="http://xmlns.jcp.org/xml/ns/javaee"
	xmlns:xsi="http://www.w3.org/2001/XMLSchema-instance"
	xsi:schemaLocation="http://xmlns.jcp.org/xml/ns/javaee http://xmlns.jcp.org/xml/ns/javaee/web-facesconfig_2_2.xsd"
	version="2.2">

<navigation-rule>
	<navigation-case>
		<from-outcome>login</from-outcome>
		<to-view-id>/ui/portalpage.xhtml</to-view-id>
		<redirect/>
	</navigation-case>
	<navigation-case>
		<from-outcome>login</from-outcome>
		<to-view-id>/ui/PayorManagement/layoutadminpm.xhtml</to-view-id>
		<redirect/>
	</navigation-case>
</navigation-rule>
	<application>
		<resource-bundle>
			<base-name>config</base-name>
			<var>cfg</var>
		</resource-bundle>
		
		<el-resolver>
			org.primefaces.application.exceptionhandler.PrimeExceptionHandlerELResolver
		</el-resolver>
	</application>

	<managed-bean>
		<managed-bean-name>currentDate</managed-bean-name>
		<managed-bean-class>java.util.Date</managed-bean-class>
		<managed-bean-scope>request</managed-bean-scope>
	</managed-bean>
 
    <factory>
        <exception-handler-factory>
            org.primefaces.application.exceptionhandler.PrimeExceptionHandlerFactory
        </exception-handler-factory>
    </factory>
    
    <application>
  <action-listener>org.primefaces.application.DialogActionListener</action-listener>
  <navigation-handler>org.primefaces.application.DialogNavigationHandler</navigation-handler>
  <view-handler>org.primefaces.application.DialogViewHandler</view-handler>
</application>

</faces-config>
