<!DOCTYPE weblogic-web-app PUBLIC "-//BEA Systems, Inc.//DTD Web Application 8.1//EN" "http://www.bea.com/servers/wls810/dtd/weblogic810-web-jar.dtd">

<weblogic-web-app>


<jsp-descriptor>
     <jsp-param>
          <param-name>
            encoding
          </param-name>
          <param-value>
            iso-8859-1
          </param-value>
     </jsp-param>
</jsp-descriptor>


<container-descriptor>
    <prefer-web-inf-classes>true</prefer-web-inf-classes>
  </container-descriptor>
    <context-root>/TimeSheetPayRoll</context-root>
</weblogic-web-app>
