<?xml version="1.0" encoding="UTF-8"?>
<!DOCTYPE dwr PUBLIC "-//GetAhead Limited//DTD Direct Web Remoting 1.0//EN" "http://www.getahead.ltd.uk/dwr/dwr10.dtd">

<dwr>
    <allow>
        <create creator="new" javascript="uploadProxy">
            <param name="class" value="d2Hawkeye.dts.fileUpload.UploadProxy"/>
        </create>
        
        <create creator="new" javascript="dtsBean" >
            <param name="class" value="d2Hawkeye.dts.dtsBean"/>
        </create>

        <convert converter="bean" match="d2Hawkeye.dts.fileUpload.UploadStatus"/>
    </allow>
    
</dwr>
