<weblogic-web-app xmlns:xsi="http://www.w3.org/2001/XMLSchema-instance"
    xmlns="http://xmlns.oracle.com/weblogic/weblogic-web-app"
    xsi:schemaLocation="http://xmlns.oracle.com/weblogic/weblogic-web-app http://xmlns.oracle.com/weblogic/weblogic-web-app/1.4/weblogic-web-app.xsd">

  <container-descriptor>
      <prefer-web-inf-classes>false</prefer-web-inf-classes>
    <prefer-application-packages>
          <package-name>org.apache.*</package-name>
          <package-name>javax.el.*</package-name>
        <package-name>com.sun.el.*</package-name>
        <package-name>javax.faces.*</package-name>
        <package-name>com.sun.faces.*</package-name>
        <package-name>org.springframework.*</package-name>
        <package-name>antlr.*</package-name>
        </prefer-application-packages> 
  </container-descriptor>
 <context-root>/WebDTS</context-root>
</weblogic-web-app>