<?xml version="1.0" encoding="UTF-8"?>
<beans:beans xmlns="http://www.springframework.org/schema/mvc"
             xmlns:xsi="http://www.w3.org/2001/XMLSchema-instance" xmlns:beans="http://www.springframework.org/schema/beans"
             xmlns:cache="http://www.springframework.org/schema/cache"
             xmlns:context="http://www.springframework.org/schema/context"
             xsi:schemaLocation="
	http://www.springframework.org/schema/mvc 
	http://www.springframework.org/schema/mvc/spring-mvc-3.0.xsd
	http://www.springframework.org/schema/beans 
	http://www.springframework.org/schema/beans/spring-beans-3.0.xsd
	http://www.springframework.org/schema/context
	http://www.springframework.org/schema/context/spring-context-3.0.xsd
	http://www.springframework.org/schema/cache 
	http://www.springframework.org/schema/cache/spring-cache.xsd">

    <!-- DispatcherServlet Context: defines this servlet's request-processing 
    infrastructure -->

    <!-- Enables the Spring MVC @Controller programming model -->
    <annotation-driven />	

    <!-- Handles HTTP GET requests for /resources/** by efficiently serving 
    up static resources in the ${webappRoot}/resources directory -->
    <resources mapping="/resources/**" location="/resources/" />

    <!-- Resolves views selected for rendering by @Controllers to .jsp resources 
    in the /WEB-INF/views directory -->

	<!-- Enables spring cache mechanism -->
	<!-- <cache:annotation-driven cache-manager="cacheManager" /> -->

	<!-- generic cache manager -->
	<!-- <beans:bean id="cacheManager" class="org.springframework.cache.support.SimpleCacheManager"> 
		<beans:property name="caches"> <beans:set> <beans:bean class="org.springframework.cache.concurrent.ConcurrentMapCacheFactoryBean" 
		name="default"/> <beans:bean class="org.springframework.cache.concurrent.ConcurrentMapCacheFactoryBean" 
		name="dataPoints"/> </beans:set> </beans:property> </beans:bean> -->


    <context:component-scan base-package="com.vit.springController" />


<!--	<beans:bean
		class="org.springframework.web.servlet.view.ResourceBundleViewResolver">
		<beans:property name="order" value="1" />
		<beans:property name="basename" value="views" />
	</beans:bean>-->

	<!--<bean id="viewResolver1" class="org.springframework.web.servlet.view.XmlViewResolver"> 
		<property name="order" value="1"/> <property name="location" value="/WEB-INF/views.xml"/> 
		</bean> -->
    <beans:bean
        class="org.springframework.web.servlet.view.InternalResourceViewResolver">
        <beans:property name="order" value="2" />
        <beans:property name="prefix" value="/WEB-INF/views/centralLog/" />
        <beans:property name="suffix" value=".jsp" />
    </beans:bean>
    
    <beans:bean class="org.springframework.web.servlet.view.XmlViewResolver">
        <beans:property name="location" value="/WEB-INF/centralLog/excel-views.xml" />
        <beans:property name="order" value="0" />
    </beans:bean>
    

	<!--<beans:bean id="exceptionResolver"
		class="org.springframework.web.servlet.handler.SimpleMappingExceptionResolver">
		<beans:property name="exceptionMappings">
			<beans:props>
				<beans:prop key="com.vit.exception.SpringException">ExceptionPage
         </beans:prop>
			</beans:props>
		</beans:property>
		<beans:property name="defaultErrorView" value="error" />
	</beans:bean>

	<beans:bean id="jsonConverter"
		class="org.springframework.http.converter.json.MappingJacksonHttpMessageConverter">
		<beans:property name="prefixJson" value="false" />
		<beans:property name="supportedMediaTypes" value="application/json" />
	</beans:bean>

    --><!-- Interceptor -->
    <interceptors>
        <interceptor>
            <mapping path="/*" />
            <beans:bean class="com.vit.springController.CentralLogInterceptor" />
        </interceptor>
    </interceptors>

</beans:beans>